[
 {
  "Наименование продукции": "Кровать с подъемным механизмом с матрасом 1600х2000 Венге",
  "Название цеха": "Изготовления изделий из искусственного камня и композитных материалов",
  "Время изготовления, ч": 2
 },
 {
  "Наименование продукции": "Тумба под ТВ ",
  "Название цеха": "Изготовления изделий из искусственного камня и композитных материалов",
  "Время изготовления, ч": 2.7
 },
 {
  "Наименование продукции": "Диван-кровать угловой Книжка",
  "Название цеха": "Изготовления мягкой мебели",
  "Время изготовления, ч": 4.2
 },
 {
  "Наименование продукции": "Диван модульный Телескоп",
  "Название цеха": "Изготовления мягкой мебели",
  "Время изготовления, ч": 4.5
 },
 {
  "Наименование продукции": "Диван-кровать Соло",
  "Название цеха": "Изготовления мягкой мебели",
  "Время изготовления, ч": 4.7
 },
 {
  "Наименование продукции": "Детский диван Выкатной",
  "Название цеха": "Изготовления мягкой мебели",
  "Время изготовления, ч": 4
 },
 {
  "Наименование продукции": "Кровать с матрасом 90х2000 Венге",
  "Название цеха": "Изготовления мягкой мебели",
  "Время изготовления, ч": 5.5
 },
 {
  "Наименование продукции": "Стенка для гостиной Вишня темная",
  "Название цеха": "Монтажа стеклянных, зеркальных вставок и других изделий",
  "Время изготовления, ч": 0.3
 },
 {
  "Наименование продукции": "Прихожая Венге Винтаж",
  "Название цеха": "Монтажа стеклянных, зеркальных вставок и других изделий",
  "Время изготовления, ч": 0.5
 },
 {
  "Наименование продукции": "Прихожая-комплект Дуб темный",
  "Название цеха": "Монтажа стеклянных, зеркальных вставок и других изделий",
  "Время изготовления, ч": 0.3
 },
 {
  "Наименование продукции": "Кровать с подъемным механизмом с матрасом 1600х2000 Венге",
  "Название цеха": "Монтажа стеклянных, зеркальных вставок и других изделий",
  "Время изготовления, ч": 0.5
 },
 {
  "Наименование продукции": "Шкаф-купе 3-х дверный Сосна белая",
  "Название цеха": "Монтажа стеклянных, зеркальных вставок и других изделий",
  "Время изготовления, ч": 0.5
 },
 {
  "Наименование продукции": "Тумба под ТВ ",
  "Название цеха": "Монтажа стеклянных, зеркальных вставок и других изделий",
  "Время изготовления, ч": 1
 },
 {
  "Наименование продукции": "Комплект мебели для гостиной Ольха горная",
  "Название цеха": "Обработки",
  "Время изготовления, ч": 0.5
 },
 {
  "Наименование продукции": "Стенка для гостиной Вишня темная",
  "Название цеха": "Обработки",
  "Время изготовления, ч": 0.3
 },
 {
  "Наименование продукции": "Прихожая Венге Винтаж",
  "Название цеха": "Обработки",
  "Время изготовления, ч": 0.5
 },
 {
  "Наименование продукции": "Тумба с вешалкой Дуб натуральный",
  "Название цеха": "Обработки",
  "Время изготовления, ч": 0.5
 },
 {
  "Наименование продукции": "Прихожая-комплект Дуб темный",
  "Название цеха": "Обработки",
  "Время изготовления, ч": 0.5
 },
 {
  "Наименование продукции": "Диван-кровать угловой Книжка",
  "Название цеха": "Обработки",
  "Время изготовления, ч": 0.5
 },
 {
  "Наименование продукции": "Диван модульный Телескоп",
  "Название цеха": "Обработки",
  "Время изготовления, ч": 0.5
 },
 {
  "Наименование продукции": "Диван-кровать Соло",
  "Название цеха": "Обработки",
  "Время изготовления, ч": 0.5
 },
 {
  "Наименование продукции": "Детский диван Выкатной",
  "Название цеха": "Обработки",
  "Время изготовления, ч": 0.3
 },
 {
  "Наименование продукции": "Кровать с подъемным механизмом с матрасом 1600х2000 Венге",
  "Название цеха": "Обработки",
  "Время изготовления, ч": 0.6
 },
 {
  "Наименование продукции": "Кровать с матрасом 90х2000 Венге",
  "Название цеха": "Обработки",
  "Время изготовления, ч": 1
 },
 {
  "Наименование продукции": "Кровать универсальная Дуб натуральный",
  "Название цеха": "Обработки",
  "Время изготовления, ч": 0.8
 },
 {
  "Наименование продукции": "Кровать с ящиками Ясень белый",
  "Название цеха": "Обработки",
  "Время изготовления, ч": 2
 },
 {
  "Наименование продукции": "Шкаф-купе 3-х дверный Сосна белая",
  "Название цеха": "Обработки",
  "Время изготовления, ч": 0.5
 },
 {
  "Наименование продукции": "Стеллаж Бук натуральный",
  "Название цеха": "Обработки",
  "Время изготовления, ч": 0.3
 },
 {
  "Наименование продукции": "Шкаф 4 дверный с ящиками Ясень серый",
  "Название цеха": "Обработки",
  "Время изготовления, ч": 1.5
 },
 {
  "Наименование продукции": "Шкаф-пенал Береза белый",
  "Название цеха": "Обработки",
  "Время изготовления, ч": 1
 },
 {
  "Наименование продукции": "Комод 6 ящиков Вишня светлая",
  "Название цеха": "Обработки",
  "Время изготовления, ч": 0.5
 },
 {
  "Наименование продукции": "Комод 4 ящика Вишня светлая",
  "Название цеха": "Обработки",
  "Время изготовления, ч": 0.4
 },
 {
  "Наименование продукции": "Тумба под ТВ ",
  "Название цеха": "Обработки",
  "Время изготовления, ч": 0.5
 },
 {
  "Наименование продукции": "Комплект мебели для гостиной Ольха горная",
  "Название цеха": "Покраски",
  "Время изготовления, ч": 0.3
 },
 {
  "Наименование продукции": "Стенка для гостиной Вишня темная",
  "Название цеха": "Покраски",
  "Время изготовления, ч": 0.4
 },
 {
  "Наименование продукции": "Прихожая-комплект Дуб темный",
  "Название цеха": "Покраски",
  "Время изготовления, ч": 0.5
 },
 {
  "Наименование продукции": "Диван-кровать угловой Книжка",
  "Название цеха": "Покраски",
  "Время изготовления, ч": 0.5
 },
 {
  "Наименование продукции": "Диван модульный Телескоп",
  "Название цеха": "Покраски",
  "Время изготовления, ч": 1
 },
 {
  "Наименование продукции": "Диван-кровать Соло",
  "Название цеха": "Покраски",
  "Время изготовления, ч": 0.5
 },
 {
  "Наименование продукции": "Детский диван Выкатной",
  "Название цеха": "Покраски",
  "Время изготовления, ч": 0.5
 },
 {
  "Наименование продукции": "Кровать с подъемным механизмом с матрасом 1600х2000 Венге",
  "Название цеха": "Покраски",
  "Время изготовления, ч": 0.4
 },
 {
  "Наименование продукции": "Кровать с ящиками Ясень белый",
  "Название цеха": "Покраски",
  "Время изготовления, ч": 1.5
 },
 {
  "Наименование продукции": "Стеллаж Бук натуральный",
  "Название цеха": "Покраски",
  "Время изготовления, ч": 1
 },
 {
  "Наименование продукции": "Шкаф-пенал Береза белый",
  "Название цеха": "Покраски",
  "Время изготовления, ч": 2.5
 },
 {
  "Наименование продукции": "Комод 6 ящиков Вишня светлая",
  "Название цеха": "Покраски",
  "Время изготовления, ч": 1
 },
 {
  "Наименование продукции": "Комод 4 ящика Вишня светлая",
  "Название цеха": "Покраски",
  "Время изготовления, ч": 0.4
 },
 {
  "Наименование продукции": "Тумба под ТВ ",
  "Название цеха": "Покраски",
  "Время изготовления, ч": 0.5
 },
 {
  "Наименование продукции": "Комплект мебели для гостиной Ольха горная",
  "Название цеха": "Проектный",
  "Время изготовления, ч": 1
 },
 {
  "Наименование продукции": "Стенка для гостиной Вишня темная",
  "Название цеха": "Проектный",
  "Время изготовления, ч": 1
 },
 {
  "Наименование продукции": "Прихожая-комплект Дуб темный",
  "Название цеха": "Проектный",
  "Время изготовления, ч": 1.5
 },
 {
  "Наименование продукции": "Диван-кровать Соло",
  "Название цеха": "Проектный",
  "Время изготовления, ч": 0.5
 },
 {
  "Наименование продукции": "Шкаф-купе 3-х дверный Сосна белая",
  "Название цеха": "Проектный",
  "Время изготовления, ч": 2
 },
 {
  "Наименование продукции": "Стеллаж Бук натуральный",
  "Название цеха": "Проектный",
  "Время изготовления, ч": 1
 },
 {
  "Наименование продукции": "Тумба под ТВ ",
  "Название цеха": "Проектный",
  "Время изготовления, ч": 1
 },
 {
  "Наименование продукции": "Комплект мебели для гостиной Ольха горная",
  "Название цеха": "Раскроя",
  "Время изготовления, ч": 1
 },
 {
  "Наименование продукции": "Стенка для гостиной Вишня темная",
  "Название цеха": "Раскроя",
  "Время изготовления, ч": 1
 },
 {
  "Наименование продукции": "Прихожая Венге Винтаж",
  "Название цеха": "Раскроя",
  "Время изготовления, ч": 1
 },
 {
  "Наименование продукции": "Тумба с вешалкой Дуб натуральный",
  "Название цеха": "Раскроя",
  "Время изготовления, ч": 1
 },
 {
  "Наименование продукции": "Прихожая-комплект Дуб темный",
  "Название цеха": "Раскроя",
  "Время изготовления, ч": 1
 },
 {
  "Наименование продукции": "Диван-кровать угловой Книжка",
  "Название цеха": "Раскроя",
  "Время изготовления, ч": 1
 },
 {
  "Наименование продукции": "Диван модульный Телескоп",
  "Название цеха": "Раскроя",
  "Время изготовления, ч": 1
 },
 {
  "Наименование продукции": "Диван-кровать Соло",
  "Название цеха": "Раскроя",
  "Время изготовления, ч": 0.5
 },
 {
  "Наименование продукции": "Детский диван Выкатной",
  "Название цеха": "Раскроя",
  "Время изготовления, ч": 0.7
 },
 {
  "Наименование продукции": "Кровать с подъемным механизмом с матрасом 1600х2000 Венге",
  "Название цеха": "Раскроя",
  "Время изготовления, ч": 1
 },
 {
  "Наименование продукции": "Кровать с матрасом 90х2000 Венге",
  "Название цеха": "Раскроя",
  "Время изготовления, ч": 1
 },
 {
  "Наименование продукции": "Кровать универсальная Дуб натуральный",
  "Название цеха": "Раскроя",
  "Время изготовления, ч": 1.1
 },
 {
  "Наименование продукции": "Кровать с ящиками Ясень белый",
  "Название цеха": "Раскроя",
  "Время изготовления, ч": 2
 },
 {
  "Наименование продукции": "Шкаф-купе 3-х дверный Сосна белая",
  "Название цеха": "Раскроя",
  "Время изготовления, ч": 1
 },
 {
  "Наименование продукции": "Стеллаж Бук натуральный",
  "Название цеха": "Раскроя",
  "Время изготовления, ч": 1
 },
 {
  "Наименование продукции": "Шкаф 4 дверный с ящиками Ясень серый",
  "Название цеха": "Раскроя",
  "Время изготовления, ч": 1
 },
 {
  "Наименование продукции": "Шкаф-пенал Береза белый",
  "Название цеха": "Раскроя",
  "Время изготовления, ч": 1
 },
 {
  "Наименование продукции": "Комод 6 ящиков Вишня светлая",
  "Название цеха": "Раскроя",
  "Время изготовления, ч": 1
 },
 {
  "Наименование продукции": "Комод 4 ящика Вишня светлая",
  "Название цеха": "Раскроя",
  "Время изготовления, ч": 1
 },
 {
  "Наименование продукции": "Тумба под ТВ ",
  "Название цеха": "Раскроя",
  "Время изготовления, ч": 0.6
 },
 {
  "Наименование продукции": "Комплект мебели для гостиной Ольха горная",
  "Название цеха": "Расчетный",
  "Время изготовления, ч": 0.4
 },
 {
  "Наименование продукции": "Стенка для гостиной Вишня темная",
  "Название цеха": "Расчетный",
  "Время изготовления, ч": 1
 },
 {
  "Наименование продукции": "Прихожая-комплект Дуб темный",
  "Название цеха": "Расчетный",
  "Время изготовления, ч": 0.5
 },
 {
  "Наименование продукции": "Диван-кровать Соло",
  "Название цеха": "Расчетный",
  "Время изготовления, ч": 0.5
 },
 {
  "Наименование продукции": "Шкаф-купе 3-х дверный Сосна белая",
  "Название цеха": "Расчетный",
  "Время изготовления, ч": 1
 },
 {
  "Наименование продукции": "Стеллаж Бук натуральный",
  "Название цеха": "Расчетный",
  "Время изготовления, ч": 0.7
 },
 {
  "Наименование продукции": "Тумба под ТВ ",
  "Название цеха": "Расчетный",
  "Время изготовления, ч": 0.4
 },
 {
  "Наименование продукции": "Стенка для гостиной Вишня темная",
  "Название цеха": "Сборки",
  "Время изготовления, ч": 1
 },
 {
  "Наименование продукции": "Прихожая Венге Винтаж",
  "Название цеха": "Сборки",
  "Время изготовления, ч": 1
 },
 {
  "Наименование продукции": "Прихожая-комплект Дуб темный",
  "Название цеха": "Сборки",
  "Время изготовления, ч": 0.5
 },
 {
  "Наименование продукции": "Диван-кровать угловой Книжка",
  "Название цеха": "Сборки",
  "Время изготовления, ч": 0.5
 },
 {
  "Наименование продукции": "Диван модульный Телескоп",
  "Название цеха": "Сборки",
  "Время изготовления, ч": 0.3
 },
 {
  "Наименование продукции": "Кровать универсальная Дуб натуральный",
  "Название цеха": "Сборки",
  "Время изготовления, ч": 0.8
 },
 {
  "Наименование продукции": "Кровать с ящиками Ясень белый",
  "Название цеха": "Сборки",
  "Время изготовления, ч": 0.3
 },
 {
  "Наименование продукции": "Шкаф-купе 3-х дверный Сосна белая",
  "Название цеха": "Сборки",
  "Время изготовления, ч": 1.5
 },
 {
  "Наименование продукции": "Стеллаж Бук натуральный",
  "Название цеха": "Сборки",
  "Время изготовления, ч": 0.3
 },
 {
  "Наименование продукции": "Шкаф 4 дверный с ящиками Ясень серый",
  "Название цеха": "Сборки",
  "Время изготовления, ч": 2
 },
 {
  "Наименование продукции": "Комод 6 ящиков Вишня светлая",
  "Название цеха": "Сборки",
  "Время изготовления, ч": 0.3
 },
 {
  "Наименование продукции": "Тумба под ТВ ",
  "Название цеха": "Сборки",
  "Время изготовления, ч": 1
 },
 {
  "Наименование продукции": "Комплект мебели для гостиной Ольха горная",
  "Название цеха": "Столярный",
  "Время изготовления, ч": 1.5
 },
 {
  "Наименование продукции": "Стенка для гостиной Вишня темная",
  "Название цеха": "Столярный",
  "Время изготовления, ч": 1
 },
 {
  "Наименование продукции": "Прихожая-комплект Дуб темный",
  "Название цеха": "Столярный",
  "Время изготовления, ч": 1
 },
 {
  "Наименование продукции": "Диван модульный Телескоп",
  "Название цеха": "Столярный",
  "Время изготовления, ч": 0.5
 },
 {
  "Наименование продукции": "Диван-кровать Соло",
  "Название цеха": "Столярный",
  "Время изготовления, ч": 0.5
 },
 {
  "Наименование продукции": "Детский диван Выкатной",
  "Название цеха": "Столярный",
  "Время изготовления, ч": 1
 },
 {
  "Наименование продукции": "Стеллаж Бук натуральный",
  "Название цеха": "Столярный",
  "Время изготовления, ч": 0.5
 },
 {
  "Наименование продукции": "Шкаф 4 дверный с ящиками Ясень серый",
  "Название цеха": "Столярный",
  "Время изготовления, ч": 1
 },
 {
  "Наименование продукции": "Шкаф-пенал Береза белый",
  "Название цеха": "Столярный",
  "Время изготовления, ч": 3
 },
 {
  "Наименование продукции": "Комод 6 ящиков Вишня светлая",
  "Название цеха": "Столярный",
  "Время изготовления, ч": 2
 },
 {
  "Наименование продукции": "Комод 4 ящика Вишня светлая",
  "Название цеха": "Столярный",
  "Время изготовления, ч": 2
 },
 {
  "Наименование продукции": "Комплект мебели для гостиной Ольха горная",
  "Название цеха": "Сушильный",
  "Время изготовления, ч": 2
 },
 {
  "Наименование продукции": "Стенка для гостиной Вишня темная",
  "Название цеха": "Сушильный",
  "Время изготовления, ч": 2
 },
 {
  "Наименование продукции": "Прихожая-комплект Дуб темный",
  "Название цеха": "Сушильный",
  "Время изготовления, ч": 2
 },
 {
  "Наименование продукции": "Диван-кровать угловой Книжка",
  "Название цеха": "Сушильный",
  "Время изготовления, ч": 2
 },
 {
  "Наименование продукции": "Диван модульный Телескоп",
  "Название цеха": "Сушильный",
  "Время изготовления, ч": 2
 },
 {
  "Наименование продукции": "Стеллаж Бук натуральный",
  "Название цеха": "Сушильный",
  "Время изготовления, ч": 2
 },
 {
  "Наименование продукции": "Комод 6 ящиков Вишня светлая",
  "Название цеха": "Сушильный",
  "Время изготовления, ч": 2
 },
 {
  "Наименование продукции": "Комод 4 ящика Вишня светлая",
  "Название цеха": "Сушильный",
  "Время изготовления, ч": 2
 },
 {
  "Наименование продукции": "Комплект мебели для гостиной Ольха горная",
  "Название цеха": "Упаковки",
  "Время изготовления, ч": 0.3
 },
 {
  "Наименование продукции": "Тумба с вешалкой Дуб натуральный",
  "Название цеха": "Упаковки",
  "Время изготовления, ч": 0.5
 },
 {
  "Наименование продукции": "Прихожая-комплект Дуб темный",
  "Название цеха": "Упаковки",
  "Время изготовления, ч": 0.2
 },
 {
  "Наименование продукции": "Диван-кровать угловой Книжка",
  "Название цеха": "Упаковки",
  "Время изготовления, ч": 0.3
 },
 {
  "Наименование продукции": "Диван модульный Телескоп",
  "Название цеха": "Упаковки",
  "Время изготовления, ч": 0.2
 },
 {
  "Наименование продукции": "Диван-кровать Соло",
  "Название цеха": "Упаковки",
  "Время изготовления, ч": 0.3
 },
 {
  "Наименование продукции": "Детский диван Выкатной",
  "Название цеха": "Упаковки",
  "Время изготовления, ч": 0.5
 },
 {
  "Наименование продукции": "Кровать с подъемным механизмом с матрасом 1600х2000 Венге",
  "Название цеха": "Упаковки",
  "Время изготовления, ч": 0.5
 },
 {
  "Наименование продукции": "Кровать с матрасом 90х2000 Венге",
  "Название цеха": "Упаковки",
  "Время изготовления, ч": 0.5
 },
 {
  "Наименование продукции": "Кровать универсальная Дуб натуральный",
  "Название цеха": "Упаковки",
  "Время изготовления, ч": 0.3
 },
 {
  "Наименование продукции": "Кровать с ящиками Ясень белый",
  "Название цеха": "Упаковки",
  "Время изготовления, ч": 0.2
 },
 {
  "Наименование продукции": "Шкаф-купе 3-х дверный Сосна белая",
  "Название цеха": "Упаковки",
  "Время изготовления, ч": 0.5
 },
 {
  "Наименование продукции": "Стеллаж Бук натуральный",
  "Название цеха": "Упаковки",
  "Время изготовления, ч": 0.2
 },
 {
  "Наименование продукции": "Шкаф 4 дверный с ящиками Ясень серый",
  "Название цеха": "Упаковки",
  "Время изготовления, ч": 0.5
 },
 {
  "Наименование продукции": "Шкаф-пенал Береза белый",
  "Название цеха": "Упаковки",
  "Время изготовления, ч": 0.5
 },
 {
  "Наименование продукции": "Комод 6 ящиков Вишня светлая",
  "Название цеха": "Упаковки",
  "Время изготовления, ч": 0.2
 },
 {
  "Наименование продукции": "Комод 4 ящика Вишня светлая",
  "Название цеха": "Упаковки",
  "Время изготовления, ч": 0.2
 },
 {
  "Наименование продукции": "Тумба под ТВ ",
  "Название цеха": "Упаковки",
  "Время изготовления, ч": 0.3
 }
]