[
 {
  "type": "Гостиные",
  "name": "Комплект мебели для гостиной Ольха горная",
  "article": 1549922,
  "minPrice": 160507,
  "material": "Мебельный щит из массива дерева"
 },
 {
  "type": "Гостиные",
  "name": "Стенка для гостиной Вишня темная",
  "article": 1018556,
  "minPrice": 216907,
  "material": "Мебельный щит из массива дерева"
 },
 {
  "type": "Прихожие",
  "name": "Прихожая Венге Винтаж",
  "article": 3028272,
  "minPrice": 24970,
  "material": "Ламинированное ДСП"
 },
 {
  "type": "Прихожие",
  "name": "Тумба с вешалкой Дуб натуральный",
  "article": 3029272,
  "minPrice": 18206,
  "material": "Ламинированное ДСП"
 },
 {
  "type": "Прихожие",
  "name": "Прихожая-комплект Дуб темный",
  "article": 3028248,
  "minPrice": 177509,
  "material": "Мебельный щит из массива дерева"
 },
 {
  "type": "Мягкая мебель",
  "name": "Диван-кровать угловой Книжка",
  "article": 7118827,
  "minPrice": 85900,
  "material": "Мебельный щит из массива дерева"
 },
 {
  "type": "Мягкая мебель",
  "name": "Диван модульный Телескоп",
  "article": 7137981,
  "minPrice": 75900,
  "material": "Мебельный щит из массива дерева"
 },
 {
  "type": "Мягкая мебель",
  "name": "Диван-кровать Соло",
  "article": 7029787,
  "minPrice": 120345,
  "material": "Мебельный щит из массива дерева"
 },
 {
  "type": "Мягкая мебель",
  "name": "Детский диван Выкатной",
  "article": 7758953,
  "minPrice": 25990,
  "material": "Фанера"
 },
 {
  "type": "Кровати",
  "name": "Кровать с подъемным механизмом с матрасом 1600х2000 Венге",
  "article": 6026662,
  "minPrice": 69500,
  "material": "Мебельный щит из массива дерева"
 },
 {
  "type": "Кровати",
  "name": "Кровать с матрасом 90х2000 Венге",
  "article": 6159043,
  "minPrice": 55600,
  "material": "Ламинированное ДСП"
 },
 {
  "type": "Кровати",
  "name": "Кровать универсальная Дуб натуральный",
  "article": 6588376,
  "minPrice": 37900,
  "material": "Ламинированное ДСП"
 },
 {
  "type": "Кровати",
  "name": "Кровать с ящиками Ясень белый",
  "article": 6758375,
  "minPrice": 46750,
  "material": "Фанера"
 },
 {
  "type": "Шкафы",
  "name": "Шкаф-купе 3-х дверный Сосна белая",
  "article": 2759324,
  "minPrice": 131560,
  "material": "Ламинированное ДСП"
 },
 {
  "type": "Шкафы",
  "name": "Стеллаж Бук натуральный",
  "article": 2118827,
  "minPrice": 38700,
  "material": "Мебельный щит из массива дерева"
 },
 {
  "type": "Шкафы",
  "name": "Шкаф 4 дверный с ящиками Ясень серый",
  "article": 2559898,
  "minPrice": 160151,
  "material": "Фанера"
 },
 {
  "type": "Шкафы",
  "name": "Шкаф-пенал Береза белый",
  "article": 2259474,
  "minPrice": 40500,
  "material": "Фанера"
 },
 {
  "type": "Комоды",
  "name": "Комод 6 ящиков Вишня светлая",
  "article": 4115947,
  "minPrice": 61235,
  "material": "Мебельный щит из массива дерева"
 },
 {
  "type": "Комоды",
  "name": "Комод 4 ящика Вишня светлая",
  "article": 4033136,
  "minPrice": 41200,
  "material": "Мебельный щит из массива дерева"
 },
 {
  "type": "Комоды",
  "name": "Тумба под ТВ ",
  "article": 4028048,
  "minPrice": 12350,
  "material": "МДФ"
 }
]