[
 {
  "Название цеха": "Проектный",
  "Тип цеха": "Проектирование",
  "Количество человек для производства ": 4
 },
 {
  "Название цеха": "Расчетный",
  "Тип цеха": "Проектирование",
  "Количество человек для производства ": 5
 },
 {
  "Название цеха": "Раскроя",
  "Тип цеха": "Обработка",
  "Количество человек для производства ": 5
 },
 {
  "Название цеха": "Обработки",
  "Тип цеха": "Обработка",
  "Количество человек для производства ": 6
 },
 {
  "Название цеха": "Сушильный",
  "Тип цеха": "Сушка",
  "Количество человек для производства ": 3
 },
 {
  "Название цеха": "Покраски",
  "Тип цеха": "Обработка",
  "Количество человек для производства ": 5
 },
 {
  "Название цеха": "Столярный",
  "Тип цеха": "Обработка",
  "Количество человек для производства ": 7
 },
 {
  "Название цеха": "Изготовления изделий из искусственного камня и композитных материалов",
  "Тип цеха": "Обработка",
  "Количество человек для производства ": 3
 },
 {
  "Название цеха": "Изготовления мягкой мебели",
  "Тип цеха": "Обработка",
  "Количество человек для производства ": 5
 },
 {
  "Название цеха": "Монтажа стеклянных, зеркальных вставок и других изделий",
  "Тип цеха": "Сборка",
  "Количество человек для производства ": 2
 },
 {
  "Название цеха": "Сборки",
  "Тип цеха": "Сборка",
  "Количество человек для производства ": 6
 },
 {
  "Название цеха": "Упаковки",
  "Тип цеха": "Сборка",
  "Количество человек для производства ": 4
 }
]