[
 {
  "Тип продукции": "Гостиные",
  "Коэффициент типа продукции": 3.5
 },
 {
  "Тип продукции": "Прихожие",
  "Коэффициент типа продукции": 5.6
 },
 {
  "Тип продукции": "Мягкая мебель",
  "Коэффициент типа продукции": 3
 },
 {
  "Тип продукции": "Кровати",
  "Коэффициент типа продукции": 4.7
 },
 {
  "Тип продукции": "Шкафы",
  "Коэффициент типа продукции": 1.5
 },
 {
  "Тип продукции": "Комоды",
  "Коэффициент типа продукции": 2.3
 }
]